Handle,Title,Body (HTML),Vendor,Product Category,Type,Tags,Published,Option1 Name,Option1 Value,Option2 Name,Option2 Value,Option3 Name,Option3 Value,Variant SKU,Variant Grams,Variant Inventory Tracker,Variant Inventory Qty,Variant Inventory Policy,Variant Fulfillment Service,Variant Price,Variant Compare At Price,Variant Requires Shipping,Variant Taxable,Variant Barcode,Image Src,Image Position,Image Alt Text,Gift Card,SEO Title,SEO Description,Google Shopping / Google Product Category,Google Shopping / Gender,Google Shopping / Age Group,Google Shopping / MPN,Google Shopping / AdWords Grouping,Google Shopping / AdWords Labels,Google Shopping / Condition,Google Shopping / Custom Product,Google Shopping / Custom Label 0,Google Shopping / Custom Label 1,Google Shopping / Custom Label 2,Google Shopping / Custom Label 3,Google Shopping / Custom Label 4,Variant Image,Variant Weight Unit,Variant Tax Code,Cost per item,Price / International,Compare At Price / International,Status
takamine-ctp-3-tdp-preamplifier-dmp-ptu-black-musical-instrument,TAKAMINE CTP-3 TDP preamplifier DMP PTU Black Musical Instrument,TAKAMINE CTP-3 TDP preamplifier DMP PTU Black Musical Instrument description,,,,,TRUE,Title,Default Title,,,,,,0,shopify,1,deny,manual,260.7,260.7,TRUE,TRUE,,https://i.ebayimg.com/images/g/7f4AAOSwBjNjRTq6/s-l500.jpg,1,,FALSE,,,,,,,,,,,,,,,,,kg,,,,,active
takamine-ctp-3-tdp-preamplifier-dmp-ptu-black-musical-instrument,,,,,,,,,,,,,,,,,,,,,,,,,https://i.ebayimg.com/images/g/96cAAOSwh31jRTq6/s-l500.jpg,2,,,,,,,,,,,,,,,,,,,,,,,,
fender-hama-okamoto-black-guitar-katana-bass-rosewood-fingerboard,Fender Hama Okamoto Black Guitar Katana Bass Rosewood Fingerboard,Fender Hama Okamoto Black Guitar Katana Bass Rosewood Fingerboard description,,,,,TRUE,Title,Default Title,,,,,,0,shopify,1,deny,manual,1159.89,1159.89,TRUE,TRUE,,https://i.ebayimg.com/images/g/pS4AAOSw825i3itP/s-l500.jpg,1,,FALSE,,,,,,,,,,,,,,,,,kg,,,,,active
fender-hama-okamoto-black-guitar-katana-bass-rosewood-fingerboard,,,,,,,,,,,,,,,,,,,,,,,,,https://i.ebayimg.com/images/g/DrIAAOSwI3Ni3itO/s-l500.jpg,2,,,,,,,,,,,,,,,,,,,,,,,,
fender-hama-okamoto-black-guitar-katana-bass-rosewood-fingerboard,,,,,,,,,,,,,,,,,,,,,,,,,https://i.ebayimg.com/images/g/bFAAAOSwabFi3itP/s-l500.jpg,3,,,,,,,,,,,,,,,,,,,,,,,,
fender-hama-okamoto-black-guitar-katana-bass-rosewood-fingerboard,,,,,,,,,,,,,,,,,,,,,,,,,https://i.ebayimg.com/images/g/BBEAAOSweTpi3itP/s-l500.jpg,4,,,,,,,,,,,,,,,,,,,,,,,,
fender-hama-okamoto-black-guitar-katana-bass-rosewood-fingerboard,,,,,,,,,,,,,,,,,,,,,,,,,https://i.ebayimg.com/images/g/Ji8AAOSwsIJi3itP/s-l500.jpg,5,,,,,,,,,,,,,,,,,,,,,,,,
fender-hama-okamoto-black-guitar-katana-bass-rosewood-fingerboard,,,,,,,,,,,,,,,,,,,,,,,,,https://i.ebayimg.com/images/g/8ksAAOSwbG5i3itP/s-l500.jpg,6,,,,,,,,,,,,,,,,,,,,,,,,
fender-hama-okamoto-black-guitar-katana-bass-rosewood-fingerboard,,,,,,,,,,,,,,,,,,,,,,,,,https://i.ebayimg.com/images/g/KekAAOSwgq9i3itP/s-l500.jpg,7,,,,,,,,,,,,,,,,,,,,,,,,
fender-hama-okamoto-black-guitar-katana-bass-rosewood-fingerboard,,,,,,,,,,,,,,,,,,,,,,,,,https://i.ebayimg.com/images/g/eaQAAOSw2eFi3itQ/s-l500.jpg,8,,,,,,,,,,,,,,,,,,,,,,,,
fender-hama-okamoto-black-guitar-katana-bass-rosewood-fingerboard,,,,,,,,,,,,,,,,,,,,,,,,,https://i.ebayimg.com/images/g/siEAAOSwLNti3itQ/s-l500.jpg,9,,,,,,,,,,,,,,,,,,,,,,,,
roland-fr-4x-bk-v-accordion-digital-accordion-piano-keyboard-type-black,Roland FR-4X BK V-Accordion Digital Accordion Piano Keyboard Type Black,Roland FR-4X BK V-Accordion Digital Accordion Piano Keyboard Type Black description,,,,,TRUE,Title,Default Title,,,,,,0,shopify,1,deny,manual,4109.3,4109.3,TRUE,TRUE,,https://i.ebayimg.com/images/g/3-UAAOSwD9BhukDa/s-l500.jpg,1,,FALSE,,,,,,,,,,,,,,,,,kg,,,,,active
takamine-dmp670nc-vts-with-hard-case-electric-classical-guitar,TAKAMINE DMP670NC VTS With Hard Case Electric Classical Guitar,TAKAMINE DMP670NC VTS With Hard Case Electric Classical Guitar description,,,,,TRUE,Title,Default Title,,,,,,0,shopify,1,deny,manual,1479.99,1479.99,TRUE,TRUE,,https://i.ebayimg.com/images/g/7pgAAOSwLRVjgOTH/s-l500.jpg,1,,FALSE,,,,,,,,,,,,,,,,,kg,,,,,active
takamine-dmp670nc-vts-with-hard-case-electric-classical-guitar,,,,,,,,,,,,,,,,,,,,,,,,,https://i.ebayimg.com/images/g/JPQAAOSwbDdjgOTM/s-l500.jpg,2,,,,,,,,,,,,,,,,,,,,,,,,
takamine-dmp670nc-vts-with-hard-case-electric-classical-guitar,,,,,,,,,,,,,,,,,,,,,,,,,https://i.ebayimg.com/images/g/-M0AAOSwr7djgOTH/s-l500.jpg,3,,,,,,,,,,,,,,,,,,,,,,,,
takamine-dmp670nc-vts-with-hard-case-electric-classical-guitar,,,,,,,,,,,,,,,,,,,,,,,,,https://i.ebayimg.com/images/g/cj0AAOSw3XhjgOTH/s-l500.jpg,4,,,,,,,,,,,,,,,,,,,,,,,,
takamine-dmp670nc-vts-with-hard-case-electric-classical-guitar,,,,,,,,,,,,,,,,,,,,,,,,,https://i.ebayimg.com/images/g/F~cAAOSwIiljgOTJ/s-l500.jpg,5,,,,,,,,,,,,,,,,,,,,,,,,
takamine-dmp670nc-vts-with-hard-case-electric-classical-guitar,,,,,,,,,,,,,,,,,,,,,,,,,https://i.ebayimg.com/images/g/XqoAAOSwamtjgOTJ/s-l500.jpg,6,,,,,,,,,,,,,,,,,,,,,,,,
takamine-dmp670nc-vts-with-hard-case-electric-classical-guitar,,,,,,,,,,,,,,,,,,,,,,,,,https://i.ebayimg.com/images/g/ZqMAAOSwYXFjgOTI/s-l500.jpg,7,,,,,,,,,,,,,,,,,,,,,,,,
takamine-dmp670nc-vts-with-hard-case-electric-classical-guitar,,,,,,,,,,,,,,,,,,,,,,,,,https://i.ebayimg.com/images/g/2g8AAOSww-hjgOTI/s-l500.jpg,8,,,,,,,,,,,,,,,,,,,,,,,,
takamine-dmp670nc-vts-with-hard-case-electric-classical-guitar,,,,,,,,,,,,,,,,,,,,,,,,,https://i.ebayimg.com/images/g/o9sAAOSw9xxjgOTH/s-l500.jpg,9,,,,,,,,,,,,,,,,,,,,,,,,
schecter-japan-original-line-ol-fl-ssg-with-gig-bag--music-equipment,SCHECTER JAPAN ORIGINAL LINE OL-FL SSG with gig bag  music equipment,SCHECTER JAPAN ORIGINAL LINE OL-FL SSG with gig bag  music equipment description,,,,,TRUE,Title,Default Title,,,,,,0,shopify,1,deny,manual,553.48,553.48,TRUE,TRUE,,https://i.ebayimg.com/images/g/xSwAAOSwv4djWwO0/s-l500.jpg,1,,FALSE,,,,,,,,,,,,,,,,,kg,,,,,active
schecter-japan-original-line-ol-fl-ssg-with-gig-bag--music-equipment,,,,,,,,,,,,,,,,,,,,,,,,,https://i.ebayimg.com/images/g/A6sAAOSwOYtjWwO0/s-l500.jpg,2,,,,,,,,,,,,,,,,,,,,,,,,
schecter-japan-original-line-ol-fl-ssg-with-gig-bag--music-equipment,,,,,,,,,,,,,,,,,,,,,,,,,https://i.ebayimg.com/images/g/OOsAAOSwuWpjWwO0/s-l500.jpg,3,,,,,,,,,,,,,,,,,,,,,,,,
schecter-japan-original-line-ol-fl-ssg-with-gig-bag--music-equipment,,,,,,,,,,,,,,,,,,,,,,,,,https://i.ebayimg.com/images/g/jVsAAOSwYhJjWwO0/s-l500.jpg,4,,,,,,,,,,,,,,,,,,,,,,,,
yamaha-slg200n-crbicrimson-red-burstj-silent-guitar,Yamaha SLG200N CRB�iCrimson Red Burst�j Silent Guitar,Yamaha SLG200N CRB�iCrimson Red Burst�j Silent Guitar description,,,,,TRUE,Title,Default Title,,,,,,0,shopify,1,deny,manual,649,649,TRUE,TRUE,,https://i.ebayimg.com/images/g/b3UAAOSw~n1iiaAI/s-l500.jpg,1,,FALSE,,,,,,,,,,,,,,,,,kg,,,,,active
yamaha-slg200n-crbicrimson-red-burstj-silent-guitar,,,,,,,,,,,,,,,,,,,,,,,,,https://i.ebayimg.com/images/g/aAwAAOSwy1ZiiaAJ/s-l500.jpg,2,,,,,,,,,,,,,,,,,,,,,,,,
yamaha-slg200n-crbicrimson-red-burstj-silent-guitar,,,,,,,,,,,,,,,,,,,,,,,,,https://i.ebayimg.com/images/g/TagAAOSwMyhiiaAK/s-l500.jpg,3,,,,,,,,,,,,,,,,,,,,,,,,
yamaha-silent-acoustic-guitar-nylon-strings-crimson-red-burst-slg200n-crb,YAMAHA Silent Acoustic Guitar Nylon Strings Crimson Red Burst SLG200N CRB,YAMAHA Silent Acoustic Guitar Nylon Strings Crimson Red Burst SLG200N CRB description,,,,,TRUE,Title,Default Title,,,,,,0,shopify,1,deny,manual,662.61,662.61,TRUE,TRUE,,https://i.ebayimg.com/images/g/zy8AAOSwKL5hNmvu/s-l500.jpg,1,,FALSE,,,,,,,,,,,,,,,,,kg,,,,,active
yamaha-silent-acoustic-guitar-nylon-strings-crimson-red-burst-slg200n-crb,,,,,,,,,,,,,,,,,,,,,,,,,https://i.ebayimg.com/images/g/joUAAOSwDclhNmvv/s-l500.jpg,2,,,,,,,,,,,,,,,,,,,,,,,,
yamaha-silent-acoustic-guitar-nylon-strings-crimson-red-burst-slg200n-crb,,,,,,,,,,,,,,,,,,,,,,,,,https://i.ebayimg.com/images/g/ZzYAAOSwlkhhNmvu/s-l500.jpg,3,,,,,,,,,,,,,,,,,,,,,,,,
yamaha-silent-acoustic-guitar-nylon-strings-crimson-red-burst-slg200n-crb,,,,,,,,,,,,,,,,,,,,,,,,,https://i.ebayimg.com/images/g/L50AAOSw8oNhNmvu/s-l500.jpg,4,,,,,,,,,,,,,,,,,,,,,,,,
yamaha-silent-acoustic-guitar-nylon-strings-crimson-red-burst-slg200n-crb,,,,,,,,,,,,,,,,,,,,,,,,,https://i.ebayimg.com/images/g/o~AAAOSwqRVhNmvu/s-l500.jpg,5,,,,,,,,,,,,,,,,,,,,,,,,
yamaha-silent-acoustic-guitar-nylon-strings-crimson-red-burst-slg200n-crb,,,,,,,,,,,,,,,,,,,,,,,,,https://i.ebayimg.com/images/g/-YIAAOSwsXZhNmvu/s-l500.jpg,6,,,,,,,,,,,,,,,,,,,,,,,,
yamaha-silent-acoustic-guitar-nylon-strings-crimson-red-burst-slg200n-crb,,,,,,,,,,,,,,,,,,,,,,,,,https://i.ebayimg.com/images/g/h38AAOSwBd1hNmvu/s-l500.jpg,7,,,,,,,,,,,,,,,,,,,,,,,,
yamaha-silent-acoustic-guitar-nylon-strings-crimson-red-burst-slg200n-crb,,,,,,,,,,,,,,,,,,,,,,,,,https://i.ebayimg.com/images/g/0KwAAOSwRpRhNmvu/s-l500.jpg,8,,,,,,,,,,,,,,,,,,,,,,,,
ibanez-srf705-bbf-fretless-electric-bass-5-string-workshop-burst-flat--brown,Ibanez SRF705-BBF Fretless Electric Bass 5 String Workshop Burst Flat  Brown,Ibanez SRF705-BBF Fretless Electric Bass 5 String Workshop Burst Flat  Brown description,,,,,TRUE,Title,Default Title,,,,,,0,shopify,1,deny,manual,1188.37,1188.37,TRUE,TRUE,,https://i.ebayimg.com/images/g/0QYAAOSweF9itVvK/s-l500.jpg,1,,FALSE,,,,,,,,,,,,,,,,,kg,,,,,active
ibanez-srf705-bbf-fretless-electric-bass-5-string-workshop-burst-flat--brown,,,,,,,,,,,,,,,,,,,,,,,,,https://i.ebayimg.com/images/g/IgEAAOSwO7pitVvF/s-l500.jpg,2,,,,,,,,,,,,,,,,,,,,,,,,
ibanez-srf705-bbf-fretless-electric-bass-5-string-workshop-burst-flat--brown,,,,,,,,,,,,,,,,,,,,,,,,,https://i.ebayimg.com/images/g/EasAAOSwophitVvG/s-l500.jpg,3,,,,,,,,,,,,,,,,,,,,,,,,
ibanez-srf705-bbf-fretless-electric-bass-5-string-workshop-burst-flat--brown,,,,,,,,,,,,,,,,,,,,,,,,,https://i.ebayimg.com/images/g/9gAAAOSwbd9itVvH/s-l500.jpg,4,,,,,,,,,,,,,,,,,,,,,,,,
ibanez-srf705-bbf-fretless-electric-bass-5-string-workshop-burst-flat--brown,,,,,,,,,,,,,,,,,,,,,,,,,https://i.ebayimg.com/images/g/SLQAAOSw4JxitVvI/s-l500.jpg,5,,,,,,,,,,,,,,,,,,,,,,,,
ibanez-srf705-bbf-fretless-electric-bass-5-string-workshop-burst-flat--brown,,,,,,,,,,,,,,,,,,,,,,,,,https://i.ebayimg.com/images/g/f4EAAOSwANFitVvJ/s-l500.jpg,6,,,,,,,,,,,,,,,,,,,,,,,,
ibanez-srf705-bbf-fretless-electric-bass-5-string-workshop-burst-flat--brown,,,,,,,,,,,,,,,,,,,,,,,,,https://i.ebayimg.com/images/g/~t8AAOSwp~titVvL/s-l500.jpg,7,,,,,,,,,,,,,,,,,,,,,,,,
ibanez-srf705-bbf-fretless-electric-bass-5-string-workshop-burst-flat--brown,,,,,,,,,,,,,,,,,,,,,,,,,https://i.ebayimg.com/images/g/CTYAAOSwt~9itVvM/s-l500.jpg,8,,,,,,,,,,,,,,,,,,,,,,,,
technics-direct-drive-turntable-50th-anniversary-limited-yellow-sl-1200m7l,Technics Direct Drive Turntable 50th Anniversary Limited Yellow SL-1200M7L,Technics Direct Drive Turntable 50th Anniversary Limited Yellow SL-1200M7L description,,,,,TRUE,Title,Default Title,,,,,,0,shopify,1,deny,manual,1687.9,1687.9,TRUE,TRUE,,https://i.ebayimg.com/images/g/MG0AAOSw5yVjkaVM/s-l500.jpg,1,,FALSE,,,,,,,,,,,,,,,,,kg,,,,,active
technics-direct-drive-turntable-50th-anniversary-limited-yellow-sl-1200m7l,,,,,,,,,,,,,,,,,,,,,,,,,https://i.ebayimg.com/images/g/uvEAAOSwAYNjkaVM/s-l500.jpg,2,,,,,,,,,,,,,,,,,,,,,,,,
technics-direct-drive-turntable-50th-anniversary-limited-yellow-sl-1200m7l,,,,,,,,,,,,,,,,,,,,,,,,,https://i.ebayimg.com/images/g/wlYAAOSwy7djkaVM/s-l500.jpg,3,,,,,,,,,,,,,,,,,,,,,,,,
technics-direct-drive-turntable-50th-anniversary-limited-yellow-sl-1200m7l,,,,,,,,,,,,,,,,,,,,,,,,,https://i.ebayimg.com/images/g/oa0AAOSwMpRjkaVL/s-l500.jpg,4,,,,,,,,,,,,,,,,,,,,,,,,
takamine-tsp178ac-sbl-acoustic-electric-guitar-black,Takamine Tsp178Ac Sbl Acoustic Electric Guitar black,Takamine Tsp178Ac Sbl Acoustic Electric Guitar black description,,,,,TRUE,Title,Default Title,,,,,,0,shopify,1,deny,manual,2106.9,2106.9,TRUE,TRUE,,https://i.ebayimg.com/images/g/npcAAOSwKTdivxOR/s-l500.jpg,1,,FALSE,,,,,,,,,,,,,,,,,kg,,,,,active
takamine-tsp178ac-sbl-acoustic-electric-guitar-black,,,,,,,,,,,,,,,,,,,,,,,,,https://i.ebayimg.com/images/g/27cAAOSw5LZivxOM/s-l500.jpg,2,,,,,,,,,,,,,,,,,,,,,,,,
takamine-tsp178ac-sbl-acoustic-electric-guitar-black,,,,,,,,,,,,,,,,,,,,,,,,,https://i.ebayimg.com/images/g/nR4AAOSwXjZivxOO/s-l500.jpg,3,,,,,,,,,,,,,,,,,,,,,,,,
takamine-tsp178ac-sbl-acoustic-electric-guitar-black,,,,,,,,,,,,,,,,,,,,,,,,,https://i.ebayimg.com/images/g/QtgAAOSwZ39ivxOP/s-l500.jpg,4,,,,,,,,,,,,,,,,,,,,,,,,
takamine-tsp178ac-sbl-acoustic-electric-guitar-black,,,,,,,,,,,,,,,,,,,,,,,,,https://i.ebayimg.com/images/g/Ux0AAOSwMs5ivxOS/s-l500.jpg,5,,,,,,,,,,,,,,,,,,,,,,,,
takamine-tsp178ac-sbl-acoustic-electric-guitar-black,,,,,,,,,,,,,,,,,,,,,,,,,https://i.ebayimg.com/images/g/PjQAAOSwWgZivxOT/s-l500.jpg,6,,,,,,,,,,,,,,,,,,,,,,,,
takamine-tsp178ac-sbl-acoustic-electric-guitar-black,,,,,,,,,,,,,,,,,,,,,,,,,https://i.ebayimg.com/images/g/FP8AAOSw-gRivxOW/s-l500.jpg,7,,,,,,,,,,,,,,,,,,,,,,,,
takamine-tsp178ac-sbl-acoustic-electric-guitar-black,,,,,,,,,,,,,,,,,,,,,,,,,https://i.ebayimg.com/images/g/l~0AAOSwIydivxOX/s-l500.jpg,8,,,,,,,,,,,,,,,,,,,,,,,,
takamine-tsp178ac-sbl-acoustic-electric-guitar-black,,,,,,,,,,,,,,,,,,,,,,,,,https://i.ebayimg.com/images/g/2LsAAOSwngZivxOY/s-l500.jpg,9,,,,,,,,,,,,,,,,,,,,,,,,
takamine-tsp178ac-sbl-acoustic-electric-guitar-black,,,,,,,,,,,,,,,,,,,,,,,,,https://i.ebayimg.com/images/g/7L8AAOSwUYBivxOa/s-l500.jpg,10,,,,,,,,,,,,,,,,,,,,,,,,
fender-made-in-japan-limited-international-color-jazz-bass-sienna-sunburst-2022,Fender Made in Japan Limited International Color Jazz Bass Sienna Sunburst 2022,Fender Made in Japan Limited International Color Jazz Bass Sienna Sunburst 2022 description,,,,,TRUE,Title,Default Title,,,,,,0,shopify,1,deny,manual,933.06,933.06,TRUE,TRUE,,https://i.ebayimg.com/images/g/9EoAAOSwwtxjWwQp/s-l500.jpg,1,,FALSE,,,,,,,,,,,,,,,,,kg,,,,,active
fender-made-in-japan-limited-international-color-jazz-bass-sienna-sunburst-2022,,,,,,,,,,,,,,,,,,,,,,,,,https://i.ebayimg.com/images/g/L4UAAOSwRz5jWwQu/s-l500.jpg,2,,,,,,,,,,,,,,,,,,,,,,,,
fender-made-in-japan-limited-international-color-jazz-bass-sienna-sunburst-2022,,,,,,,,,,,,,,,,,,,,,,,,,https://i.ebayimg.com/images/g/R9QAAOSwkndjWwQp/s-l500.jpg,3,,,,,,,,,,,,,,,,,,,,,,,,
fender-made-in-japan-limited-international-color-jazz-bass-sienna-sunburst-2022,,,,,,,,,,,,,,,,,,,,,,,,,https://i.ebayimg.com/images/g/VxoAAOSwuURjWwQp/s-l500.jpg,4,,,,,,,,,,,,,,,,,,,,,,,,
fender-made-in-japan-limited-international-color-jazz-bass-sienna-sunburst-2022,,,,,,,,,,,,,,,,,,,,,,,,,https://i.ebayimg.com/images/g/79wAAOSw~-5jWwQp/s-l500.jpg,5,,,,,,,,,,,,,,,,,,,,,,,,
fender-made-in-japan-limited-international-color-jazz-bass-sienna-sunburst-2022,,,,,,,,,,,,,,,,,,,,,,,,,https://i.ebayimg.com/images/g/M3gAAOSwI9BjWwQt/s-l500.jpg,6,,,,,,,,,,,,,,,,,,,,,,,,
gibson-j-200-made-in-1995-sunburst,Gibson J-200 Made in 1995 sunburst,Gibson J-200 Made in 1995 sunburst description,,,,,TRUE,Title,Default Title,,,,,,0,shopify,1,deny,manual,3672,3672,TRUE,TRUE,,https://i.ebayimg.com/images/g/4dMAAOSwm-xjMm~4/s-l500.jpg,1,,FALSE,,,,,,,,,,,,,,,,,kg,,,,,active
gibson-j-200-made-in-1995-sunburst,,,,,,,,,,,,,,,,,,,,,,,,,https://i.ebayimg.com/images/g/q5kAAOSwXZxjMm~3/s-l500.jpg,2,,,,,,,,,,,,,,,,,,,,,,,,
gibson-j-200-made-in-1995-sunburst,,,,,,,,,,,,,,,,,,,,,,,,,https://i.ebayimg.com/images/g/vBkAAOSwb6JjMm~4/s-l500.jpg,3,,,,,,,,,,,,,,,,,,,,,,,,
gibson-j-200-made-in-1995-sunburst,,,,,,,,,,,,,,,,,,,,,,,,,https://i.ebayimg.com/images/g/wXcAAOSw0d1jMm~w/s-l500.jpg,4,,,,,,,,,,,,,,,,,,,,,,,,
gibson-j-200-made-in-1995-sunburst,,,,,,,,,,,,,,,,,,,,,,,,,https://i.ebayimg.com/images/g/voYAAOSwynpjMm~x/s-l500.jpg,5,,,,,,,,,,,,,,,,,,,,,,,,
gibson-j-200-made-in-1995-sunburst,,,,,,,,,,,,,,,,,,,,,,,,,https://i.ebayimg.com/images/g/IewAAOSwnDdjMm~y/s-l500.jpg,6,,,,,,,,,,,,,,,,,,,,,,,,
gibson-j-200-made-in-1995-sunburst,,,,,,,,,,,,,,,,,,,,,,,,,https://i.ebayimg.com/images/g/vVcAAOSwu2tjMm~z/s-l500.jpg,7,,,,,,,,,,,,,,,,,,,,,,,,
gibson-j-200-made-in-1995-sunburst,,,,,,,,,,,,,,,,,,,,,,,,,https://i.ebayimg.com/images/g/~wEAAOSw-~djMm~0/s-l500.jpg,8,,,,,,,,,,,,,,,,,,,,,,,,
gibson-j-200-made-in-1995-sunburst,,,,,,,,,,,,,,,,,,,,,,,,,https://i.ebayimg.com/images/g/dH8AAOSw4B5jMm~2/s-l500.jpg,9,,,,,,,,,,,,,,,,,,,,,,,,
yamaha-ycl-681ii-eb-clarinet-escra-with-case,YAMAHA YCL-681II Eb Clarinet Escra with Case,YAMAHA YCL-681II Eb Clarinet Escra with Case description,,,,,TRUE,Title,Default Title,,,,,,0,shopify,1,deny,manual,3135.95,3135.95,TRUE,TRUE,,https://i.ebayimg.com/images/g/JmAAAOSwLRpjGsgp/s-l500.jpg,1,,FALSE,,,,,,,,,,,,,,,,,kg,,,,,active
rickenbacker-4003-limited-edition-ac-bass-guitar-with-hard-case,Rickenbacker 4003 Limited Edition AC bass guitar with hard case,Rickenbacker 4003 Limited Edition AC bass guitar with hard case description,,,,,TRUE,Title,Default Title,,,,,,0,shopify,1,deny,manual,4463.45,4463.45,TRUE,TRUE,,https://i.ebayimg.com/images/g/rQQAAOSw3VFif4QZ/s-l500.jpg,1,,FALSE,,,,,,,,,,,,,,,,,kg,,,,,active
rickenbacker-4003-limited-edition-ac-bass-guitar-with-hard-case,,,,,,,,,,,,,,,,,,,,,,,,,https://i.ebayimg.com/images/g/AOcAAOSwwqhif4Qh/s-l500.jpg,2,,,,,,,,,,,,,,,,,,,,,,,,
rickenbacker-4003-limited-edition-ac-bass-guitar-with-hard-case,,,,,,,,,,,,,,,,,,,,,,,,,https://i.ebayimg.com/images/g/SacAAOSwhNZif4Qa/s-l500.jpg,3,,,,,,,,,,,,,,,,,,,,,,,,
rickenbacker-4003-limited-edition-ac-bass-guitar-with-hard-case,,,,,,,,,,,,,,,,,,,,,,,,,https://i.ebayimg.com/images/g/u4QAAOSw68xif4QX/s-l500.jpg,4,,,,,,,,,,,,,,,,,,,,,,,,
rickenbacker-4003-limited-edition-ac-bass-guitar-with-hard-case,,,,,,,,,,,,,,,,,,,,,,,,,https://i.ebayimg.com/images/g/zUAAAOSw6-9if4QY/s-l500.jpg,5,,,,,,,,,,,,,,,,,,,,,,,,
rickenbacker-4003-limited-edition-ac-bass-guitar-with-hard-case,,,,,,,,,,,,,,,,,,,,,,,,,https://i.ebayimg.com/images/g/jdkAAOSwASJif4Qb/s-l500.jpg,6,,,,,,,,,,,,,,,,,,,,,,,,
rickenbacker-4003-limited-edition-ac-bass-guitar-with-hard-case,,,,,,,,,,,,,,,,,,,,,,,,,https://i.ebayimg.com/images/g/4nUAAOSwaj5if4Qc/s-l500.jpg,7,,,,,,,,,,,,,,,,,,,,,,,,
rickenbacker-4003-limited-edition-ac-bass-guitar-with-hard-case,,,,,,,,,,,,,,,,,,,,,,,,,https://i.ebayimg.com/images/g/DA0AAOSwDRNif4Qd/s-l500.jpg,8,,,,,,,,,,,,,,,,,,,,,,,,
rickenbacker-4003-limited-edition-ac-bass-guitar-with-hard-case,,,,,,,,,,,,,,,,,,,,,,,,,https://i.ebayimg.com/images/g/EaUAAOSw0kBif4Qe/s-l500.jpg,9,,,,,,,,,,,,,,,,,,,,,,,,
rickenbacker-4003-limited-edition-ac-bass-guitar-with-hard-case,,,,,,,,,,,,,,,,,,,,,,,,,https://i.ebayimg.com/images/g/LD0AAOSw20Fif4Qf/s-l500.jpg,10,,,,,,,,,,,,,,,,,,,,,,,,
ibanez-sr1605dw-del-premium-series-5-string-electric-bass--with-gig-bag,Ibanez SR1605DW-DEL Premium Series 5 String Electric Bass  with Gig Bag,Ibanez SR1605DW-DEL Premium Series 5 String Electric Bass  with Gig Bag description,,,,,TRUE,Title,Default Title,,,,,,0,shopify,1,deny,manual,1240.09,1240.09,TRUE,TRUE,,https://i.ebayimg.com/images/g/PT0AAOSwsD5jfLgk/s-l500.jpg,1,,FALSE,,,,,,,,,,,,,,,,,kg,,,,,active
yamaha-sonic-pink-pacifica-112vm,YAMAHA Sonic Pink Pacifica 112VM,YAMAHA Sonic Pink Pacifica 112VM description,,,,,TRUE,Title,Default Title,,,,,,0,shopify,1,deny,manual,336.28,336.28,TRUE,TRUE,,https://i.ebayimg.com/images/g/P8IAAOSwcQdjhw4g/s-l500.jpg,1,,FALSE,,,,,,,,,,,,,,,,,kg,,,,,active
yamaha-sonic-pink-pacifica-112vm,,,,,,,,,,,,,,,,,,,,,,,,,https://i.ebayimg.com/images/g/nSwAAOSwfr9jhw4g/s-l500.jpg,2,,,,,,,,,,,,,,,,,,,,,,,,
yamaha-sonic-pink-pacifica-112vm,,,,,,,,,,,,,,,,,,,,,,,,,https://i.ebayimg.com/images/g/BUkAAOSw2Ehjhw4g/s-l500.jpg,3,,,,,,,,,,,,,,,,,,,,,,,,
vox-vbw-3000-bg-british-green-electric-bass-hard-case,VOX VBW-3000 BG (BRITISH GREEN) Electric Bass Hard Case,VOX VBW-3000 BG (BRITISH GREEN) Electric Bass Hard Case description,,,,,TRUE,Title,Default Title,,,,,,0,shopify,1,deny,manual,1744.99,1744.99,TRUE,TRUE,,https://i.ebayimg.com/images/g/rC4AAOSwSyhjVunV/s-l500.jpg,1,,FALSE,,,,,,,,,,,,,,,,,kg,,,,,active
music-bell-hand-bell-sound-23-mb-23k--c-copper-bells-23-note-set-copper-gold,Music Bell Hand Bell Sound 23 MB-23K / C Copper Bells 23 note set copper Gold,Music Bell Hand Bell Sound 23 MB-23K / C Copper Bells 23 note set copper Gold description,,,,,TRUE,Title,Default Title,,,,,,0,shopify,1,deny,manual,183,183,TRUE,TRUE,,https://i.ebayimg.com/images/g/6dEAAOSwTVFjTMkA/s-l500.jpg,1,,FALSE,,,,,,,,,,,,,,,,,kg,,,,,active
music-bell-hand-bell-sound-23-mb-23k--c-copper-bells-23-note-set-copper-gold,,,,,,,,,,,,,,,,,,,,,,,,,https://i.ebayimg.com/images/g/DYEAAOSwDn5jTMkA/s-l500.jpg,2,,,,,,,,,,,,,,,,,,,,,,,,
music-bell-hand-bell-sound-23-mb-23k--c-copper-bells-23-note-set-copper-gold,,,,,,,,,,,,,,,,,,,,,,,,,https://i.ebayimg.com/images/g/Ni4AAOSwB8djTMkA/s-l500.jpg,3,,,,,,,,,,,,,,,,,,,,,,,,
music-bell-hand-bell-sound-23-mb-23k--c-copper-bells-23-note-set-copper-gold,,,,,,,,,,,,,,,,,,,,,,,,,https://i.ebayimg.com/images/g/6fsAAOSwjp1jTMkA/s-l500.jpg,4,,,,,,,,,,,,,,,,,,,,,,,,
music-bell-hand-bell-sound-23-mb-23k--c-copper-bells-23-note-set-copper-gold,,,,,,,,,,,,,,,,,,,,,,,,,https://i.ebayimg.com/images/g/a54AAOSwrkljTMkA/s-l500.jpg,5,,,,,,,,,,,,,,,,,,,,,,,,
pioneer-interface2-audio-interface-with-rekordbox-dj-and-dvs-,Pioneer INTERFACE2 Audio Interface with rekordbox dj and dvs ,Pioneer INTERFACE2 Audio Interface with rekordbox dj and dvs  description,,,,,TRUE,Title,Default Title,,,,,,0,shopify,1,deny,manual,404.95,404.95,TRUE,TRUE,,https://i.ebayimg.com/images/g/jDgAAOSwWfBjLTJ9/s-l500.jpg,1,,FALSE,,,,,,,,,,,,,,,,,kg,,,,,active
pioneer-interface2-audio-interface-with-rekordbox-dj-and-dvs-,,,,,,,,,,,,,,,,,,,,,,,,,https://i.ebayimg.com/images/g/5a0AAOSw~YtjLTJ6/s-l500.jpg,2,,,,,,,,,,,,,,,,,,,,,,,,
pioneer-interface2-audio-interface-with-rekordbox-dj-and-dvs-,,,,,,,,,,,,,,,,,,,,,,,,,https://i.ebayimg.com/images/g/pnEAAOSwhWFjLTJ4/s-l500.jpg,3,,,,,,,,,,,,,,,,,,,,,,,,
roland-accordion-fr-1xb-rd-red-entry-model-143lbs-built-in-amplifier,ROLAND Accordion FR-1XB RD Red Entry Model 14.3lbs Built-in Amplifier,ROLAND Accordion FR-1XB RD Red Entry Model 14.3lbs Built-in Amplifier description,,,,,TRUE,Title,Default Title,,,,,,0,shopify,1,deny,manual,2448.23,2448.23,TRUE,TRUE,,https://i.ebayimg.com/images/g/HxoAAOSwOAViGxix/s-l500.jpg,1,,FALSE,,,,,,,,,,,,,,,,,kg,,,,,active
roland-accordion-fr-1xb-rd-red-entry-model-143lbs-built-in-amplifier,,,,,,,,,,,,,,,,,,,,,,,,,https://i.ebayimg.com/images/g/UUUAAOSwJGViGxiz/s-l500.jpg,2,,,,,,,,,,,,,,,,,,,,,,,,
roland-accordion-fr-1xb-rd-red-entry-model-143lbs-built-in-amplifier,,,,,,,,,,,,,,,,,,,,,,,,,https://i.ebayimg.com/images/g/69AAAOSwVZpiGxi1/s-l500.jpg,3,,,,,,,,,,,,,,,,,,,,,,,,
roland-accordion-fr-1xb-rd-red-entry-model-143lbs-built-in-amplifier,,,,,,,,,,,,,,,,,,,,,,,,,https://i.ebayimg.com/images/g/Zz4AAOSwTvBiGxi2/s-l500.jpg,4,,,,,,,,,,,,,,,,,,,,,,,,
roland-accordion-fr-1xb-rd-red-entry-model-143lbs-built-in-amplifier,,,,,,,,,,,,,,,,,,,,,,,,,https://i.ebayimg.com/images/g/MzwAAOSwPBpiGxi3/s-l500.jpg,5,,,,,,,,,,,,,,,,,,,,,,,,
roland-accordion-fr-1xb-rd-red-entry-model-143lbs-built-in-amplifier,,,,,,,,,,,,,,,,,,,,,,,,,https://i.ebayimg.com/images/g/FNcAAOSw~eNiGxi5/s-l500.jpg,6,,,,,,,,,,,,,,,,,,,,,,,,
roland-accordion-fr-1xb-rd-red-entry-model-143lbs-built-in-amplifier,,,,,,,,,,,,,,,,,,,,,,,,,https://i.ebayimg.com/images/g/x~EAAOSwsS5iGxi6/s-l500.jpg,7,,,,,,,,,,,,,,,,,,,,,,,,
roland-accordion-fr-1xb-rd-red-entry-model-143lbs-built-in-amplifier,,,,,,,,,,,,,,,,,,,,,,,,,https://i.ebayimg.com/images/g/JWIAAOSwyDliGxi7/s-l500.jpg,8,,,,,,,,,,,,,,,,,,,,,,,,
roland-accordion-fr-1xb-rd-red-entry-model-143lbs-built-in-amplifier,,,,,,,,,,,,,,,,,,,,,,,,,https://i.ebayimg.com/images/g/uB0AAOSwtvtiGxi8/s-l500.jpg,9,,,,,,,,,,,,,,,,,,,,,,,,
roland-accordion-fr-1xb-rd-red-entry-model-143lbs-built-in-amplifier,,,,,,,,,,,,,,,,,,,,,,,,,https://i.ebayimg.com/images/g/JWUAAOSwyDliGxi-/s-l500.jpg,10,,,,,,,,,,,,,,,,,,,,,,,,
fender-junior-collection-jazz-bass-3-color-sunburst-bass-guitar,Fender Junior Collection Jazz Bass 3-Color Sunburst bass guitar,Fender Junior Collection Jazz Bass 3-Color Sunburst bass guitar description,,,,,TRUE,Title,Default Title,,,,,,0,shopify,1,deny,manual,1085.65,1085.65,TRUE,TRUE,,https://i.ebayimg.com/images/g/zxsAAOSwDz9ighGm/s-l500.jpg,1,,FALSE,,,,,,,,,,,,,,,,,kg,,,,,active
fender-junior-collection-jazz-bass-3-color-sunburst-bass-guitar,,,,,,,,,,,,,,,,,,,,,,,,,https://i.ebayimg.com/images/g/zxMAAOSwDz9ighGj/s-l500.jpg,2,,,,,,,,,,,,,,,,,,,,,,,,
fender-junior-collection-jazz-bass-3-color-sunburst-bass-guitar,,,,,,,,,,,,,,,,,,,,,,,,,https://i.ebayimg.com/images/g/ejIAAOSwbRFighGp/s-l500.jpg,3,,,,,,,,,,,,,,,,,,,,,,,,
fender-junior-collection-jazz-bass-3-color-sunburst-bass-guitar,,,,,,,,,,,,,,,,,,,,,,,,,https://i.ebayimg.com/images/g/m84AAOSwBAhighGr/s-l500.jpg,4,,,,,,,,,,,,,,,,,,,,,,,,
fender-junior-collection-jazz-bass-3-color-sunburst-bass-guitar,,,,,,,,,,,,,,,,,,,,,,,,,https://i.ebayimg.com/images/g/pF8AAOSwqRRighGu/s-l500.jpg,5,,,,,,,,,,,,,,,,,,,,,,,,
fender-junior-collection-jazz-bass-3-color-sunburst-bass-guitar,,,,,,,,,,,,,,,,,,,,,,,,,https://i.ebayimg.com/images/g/3ckAAOSwudxighGw/s-l500.jpg,6,,,,,,,,,,,,,,,,,,,,,,,,
fender-junior-collection-jazz-bass-3-color-sunburst-bass-guitar,,,,,,,,,,,,,,,,,,,,,,,,,https://i.ebayimg.com/images/g/1PIAAOSwJDZighGy/s-l500.jpg,7,,,,,,,,,,,,,,,,,,,,,,,,
fender-junior-collection-jazz-bass-3-color-sunburst-bass-guitar,,,,,,,,,,,,,,,,,,,,,,,,,https://i.ebayimg.com/images/g/GnMAAOSwR9FighG1/s-l500.jpg,8,,,,,,,,,,,,,,,,,,,,,,,,
fender-junior-collection-jazz-bass-3-color-sunburst-bass-guitar,,,,,,,,,,,,,,,,,,,,,,,,,https://i.ebayimg.com/images/g/lvAAAOSwqMtighG4/s-l500.jpg,9,,,,,,,,,,,,,,,,,,,,,,,,
fender-stratocaster-modena-red-with-gig-bag,Fender Stratocaster Modena Red with gig bag,Fender Stratocaster Modena Red with gig bag description,,,,,TRUE,Title,Default Title,,,,,,0,shopify,1,deny,manual,1004.99,1004.99,TRUE,TRUE,,https://i.ebayimg.com/images/g/ZjwAAOSw0Vhiek~H/s-l500.jpg,1,,FALSE,,,,,,,,,,,,,,,,,kg,,,,,active
fender-stratocaster-modena-red-with-gig-bag,,,,,,,,,,,,,,,,,,,,,,,,,https://i.ebayimg.com/images/g/vEcAAOSwi9Fiek~J/s-l500.jpg,2,,,,,,,,,,,,,,,,,,,,,,,,
fender-stratocaster-modena-red-with-gig-bag,,,,,,,,,,,,,,,,,,,,,,,,,https://i.ebayimg.com/images/g/RJUAAOSwQcliek~F/s-l500.jpg,3,,,,,,,,,,,,,,,,,,,,,,,,
fender-stratocaster-modena-red-with-gig-bag,,,,,,,,,,,,,,,,,,,,,,,,,https://i.ebayimg.com/images/g/bqUAAOSwSPRiek~K/s-l500.jpg,4,,,,,,,,,,,,,,,,,,,,,,,,
fender-stratocaster-modena-red-with-gig-bag,,,,,,,,,,,,,,,,,,,,,,,,,https://i.ebayimg.com/images/g/CXYAAOSwLMJiek~M/s-l500.jpg,5,,,,,,,,,,,,,,,,,,,,,,,,
fender-stratocaster-modena-red-with-gig-bag,,,,,,,,,,,,,,,,,,,,,,,,,https://i.ebayimg.com/images/g/wlcAAOSwyNJiek~O/s-l500.jpg,6,,,,,,,,,,,,,,,,,,,,,,,,
fender-stratocaster-modena-red-with-gig-bag,,,,,,,,,,,,,,,,,,,,,,,,,https://i.ebayimg.com/images/g/RIEAAOSw0kBiek~P/s-l500.jpg,7,,,,,,,,,,,,,,,,,,,,,,,,
fender-stratocaster-modena-red-with-gig-bag,,,,,,,,,,,,,,,,,,,,,,,,,https://i.ebayimg.com/images/g/EKwAAOSwbd5iek~R/s-l500.jpg,8,,,,,,,,,,,,,,,,,,,,,,,,
fender-stratocaster-modena-red-with-gig-bag,,,,,,,,,,,,,,,,,,,,,,,,,https://i.ebayimg.com/images/g/HloAAOSwGKZiek~S/s-l500.jpg,9,,,,,,,,,,,,,,,,,,,,,,,,
fender-stratocaster-modena-red-with-gig-bag,,,,,,,,,,,,,,,,,,,,,,,,,https://i.ebayimg.com/images/g/RIkAAOSw0kBiek~T/s-l500.jpg,10,,,,,,,,,,,,,,,,,,,,,,,,
pioneer-dj-dedicated-performance-dj-controller-rekcordbox-equipment-ddj-800-psl,Pioneer DJ dedicated performance DJ controller rekcordbox equipment DDJ-800 PSL,Pioneer DJ dedicated performance DJ controller rekcordbox equipment DDJ-800 PSL description,,,,,TRUE,Title,Default Title,,,,,,0,shopify,1,deny,manual,1038.72,1038.72,TRUE,TRUE,,https://i.ebayimg.com/images/g/pyAAAOSwpo5gqdvm/s-l500.jpg,1,,FALSE,,,,,,,,,,,,,,,,,kg,,,,,active
pioneer-dj-dedicated-performance-dj-controller-rekcordbox-equipment-ddj-800-psl,,,,,,,,,,,,,,,,,,,,,,,,,https://i.ebayimg.com/images/g/JfIAAOSwSrRgqdvn/s-l500.jpg,2,,,,,,,,,,,,,,,,,,,,,,,,
pioneer-dj-dedicated-performance-dj-controller-rekcordbox-equipment-ddj-800-psl,,,,,,,,,,,,,,,,,,,,,,,,,https://i.ebayimg.com/images/g/MtgAAOSwfgZgqdvn/s-l500.jpg,3,,,,,,,,,,,,,,,,,,,,,,,,
pioneer-dj-dedicated-performance-dj-controller-rekcordbox-equipment-ddj-800-psl,,,,,,,,,,,,,,,,,,,,,,,,,https://i.ebayimg.com/images/g/JXAAAOSwDdBgqdvo/s-l500.jpg,4,,,,,,,,,,,,,,,,,,,,,,,,
pioneer-dj-dedicated-performance-dj-controller-rekcordbox-equipment-ddj-800-psl,,,,,,,,,,,,,,,,,,,,,,,,,https://i.ebayimg.com/images/g/T6YAAOSwYV1gqdvo/s-l500.jpg,5,,,,,,,,,,,,,,,,,,,,,,,,
fender-american-ultra-precision-bass-arctic-pearl,Fender American Ultra Precision Bass Arctic Pearl,Fender American Ultra Precision Bass Arctic Pearl description,,,,,TRUE,Title,Default Title,,,,,,0,shopify,1,deny,manual,2814.96,2814.96,TRUE,TRUE,,https://i.ebayimg.com/images/g/V84AAOSwb2RjYjqk/s-l500.jpg,1,,FALSE,,,,,,,,,,,,,,,,,kg,,,,,active
fender-american-ultra-precision-bass-arctic-pearl,,,,,,,,,,,,,,,,,,,,,,,,,https://i.ebayimg.com/images/g/ziYAAOSwH8ljYjqj/s-l500.jpg,2,,,,,,,,,,,,,,,,,,,,,,,,
fender-american-ultra-precision-bass-arctic-pearl,,,,,,,,,,,,,,,,,,,,,,,,,https://i.ebayimg.com/images/g/ErsAAOSw2j9jYjqk/s-l500.jpg,3,,,,,,,,,,,,,,,,,,,,,,,,
fender-american-ultra-precision-bass-arctic-pearl,,,,,,,,,,,,,,,,,,,,,,,,,https://i.ebayimg.com/images/g/U4YAAOSw4fRjYjql/s-l500.jpg,4,,,,,,,,,,,,,,,,,,,,,,,,
fender-american-ultra-precision-bass-arctic-pearl,,,,,,,,,,,,,,,,,,,,,,,,,https://i.ebayimg.com/images/g/Av4AAOSw~AFjYjqj/s-l500.jpg,5,,,,,,,,,,,,,,,,,,,,,,,,
fender-american-ultra-precision-bass-arctic-pearl,,,,,,,,,,,,,,,,,,,,,,,,,https://i.ebayimg.com/images/g/CrUAAOSwZi5jYjql/s-l500.jpg,6,,,,,,,,,,,,,,,,,,,,,,,,
fender-american-ultra-precision-bass-arctic-pearl,,,,,,,,,,,,,,,,,,,,,,,,,https://i.ebayimg.com/images/g/hKAAAOSwpsxjYjqk/s-l500.jpg,7,,,,,,,,,,,,,,,,,,,,,,,,
fender-american-ultra-precision-bass-arctic-pearl,,,,,,,,,,,,,,,,,,,,,,,,,https://i.ebayimg.com/images/g/NQsAAOSwL2BjYjqk/s-l500.jpg,8,,,,,,,,,,,,,,,,,,,,,,,,
fender-american-ultra-precision-bass-arctic-pearl,,,,,,,,,,,,,,,,,,,,,,,,,https://i.ebayimg.com/images/g/c1AAAOSwSqRjYjql/s-l500.jpg,9,,,,,,,,,,,,,,,,,,,,,,,,
fender-american-ultra-precision-bass-arctic-pearl,,,,,,,,,,,,,,,,,,,,,,,,,https://i.ebayimg.com/images/g/XcAAAOSwZU9jYjqj/s-l500.jpg,10,,,,,,,,,,,,,,,,,,,,,,,,
fender-american-ultra-precision-bass-arctic-pearl,,,,,,,,,,,,,,,,,,,,,,,,,https://i.ebayimg.com/images/g/mb8AAOSw3p1jYjql/s-l500.jpg,11,,,,,,,,,,,,,,,,,,,,,,,,
fender-american-ultra-precision-bass-arctic-pearl,,,,,,,,,,,,,,,,,,,,,,,,,https://i.ebayimg.com/images/g/GmUAAOSw6UdjYjqj/s-l500.jpg,12,,,,,,,,,,,,,,,,,,,,,,,,
suzuki-hb-100-tone-chimes-hand-bells-sound-play-hammer,SUZUKI HB-100 Tone Chimes Hand Bells Sound Play Hammer,SUZUKI HB-100 Tone Chimes Hand Bells Sound Play Hammer description,,,,,TRUE,Title,Default Title,,,,,,0,shopify,1,deny,manual,280.88,280.88,TRUE,TRUE,,https://i.ebayimg.com/images/g/~tAAAOSwU35jZOSX/s-l500.jpg,1,,FALSE,,,,,,,,,,,,,,,,,kg,,,,,active
epiphone-electric-guitar-emily-wolfe-sheraton-stealth,Epiphone Electric Guitar Emily Wolfe Sheraton Stealth,Epiphone Electric Guitar Emily Wolfe Sheraton Stealth description,,,,,TRUE,Title,Default Title,,,,,,0,shopify,1,deny,manual,912.23,912.23,TRUE,TRUE,,https://i.ebayimg.com/images/g/IEUAAOSwo5ZhFsfv/s-l500.jpg,1,,FALSE,,,,,,,,,,,,,,,,,kg,,,,,active
zemaitis-sew24-electric-guitar,Zemaitis SEW24 Electric Guitar,Zemaitis SEW24 Electric Guitar description,,,,,TRUE,Title,Default Title,,,,,,0,shopify,1,deny,manual,1526.63,1526.63,TRUE,TRUE,,https://i.ebayimg.com/images/g/cKMAAOSwEmFhCBON/s-l500.jpg,1,,FALSE,,,,,,,,,,,,,,,,,kg,,,,,active
zemaitis-sew24-electric-guitar,,,,,,,,,,,,,,,,,,,,,,,,,https://i.ebayimg.com/images/g/2KYAAOSwGO1hCBON/s-l500.jpg,2,,,,,,,,,,,,,,,,,,,,,,,,
zemaitis-sew24-electric-guitar,,,,,,,,,,,,,,,,,,,,,,,,,https://i.ebayimg.com/images/g/aU8AAOSwyrZhCBOO/s-l500.jpg,3,,,,,,,,,,,,,,,,,,,,,,,,
zemaitis-sew24-electric-guitar,,,,,,,,,,,,,,,,,,,,,,,,,https://i.ebayimg.com/images/g/MBMAAOSwdElhCBON/s-l500.jpg,4,,,,,,,,,,,,,,,,,,,,,,,,
zemaitis-sew24-electric-guitar,,,,,,,,,,,,,,,,,,,,,,,,,https://i.ebayimg.com/images/g/LXoAAOSwbyhhCBOO/s-l500.jpg,5,,,,,,,,,,,,,,,,,,,,,,,,
zemaitis-sew24-electric-guitar,,,,,,,,,,,,,,,,,,,,,,,,,https://i.ebayimg.com/images/g/Cr0AAOSwzuRhCBOO/s-l500.jpg,6,,,,,,,,,,,,,,,,,,,,,,,,
zemaitis-sew24-electric-guitar,,,,,,,,,,,,,,,,,,,,,,,,,https://i.ebayimg.com/images/g/s9cAAOSwPVJhCBON/s-l500.jpg,7,,,,,,,,,,,,,,,,,,,,,,,,
zemaitis-sew24-electric-guitar,,,,,,,,,,,,,,,,,,,,,,,,,https://i.ebayimg.com/images/g/fEcAAOSwXKNhCBON/s-l500.jpg,8,,,,,,,,,,,,,,,,,,,,,,,,
zemaitis-sew24-electric-guitar,,,,,,,,,,,,,,,,,,,,,,,,,https://i.ebayimg.com/images/g/j2YAAOSwSsBhCBON/s-l500.jpg,9,,,,,,,,,,,,,,,,,,,,,,,,
zemaitis-sew24-electric-guitar,,,,,,,,,,,,,,,,,,,,,,,,,https://i.ebayimg.com/images/g/GXYAAOSw0LJhCBOO/s-l500.jpg,10,,,,,,,,,,,,,,,,,,,,,,,,
ibanez-rgt-1220-pb-abs-antique-brown-stained-2022-model,Ibanez RGT 1220 PB ABS (Antique Brown Stained) 2022 Model,Ibanez RGT 1220 PB ABS (Antique Brown Stained) 2022 Model description,,,,,TRUE,Title,Default Title,,,,,,0,shopify,1,deny,manual,2053.9,2053.9,TRUE,TRUE,,https://i.ebayimg.com/images/g/Q8oAAOSwWEpiM61R/s-l500.jpg,1,,FALSE,,,,,,,,,,,,,,,,,kg,,,,,active
ibanez-rgt-1220-pb-abs-antique-brown-stained-2022-model,,,,,,,,,,,,,,,,,,,,,,,,,https://i.ebayimg.com/images/g/LwEAAOSwcdJiM61S/s-l500.jpg,2,,,,,,,,,,,,,,,,,,,,,,,,
ibanez-rgt-1220-pb-abs-antique-brown-stained-2022-model,,,,,,,,,,,,,,,,,,,,,,,,,https://i.ebayimg.com/images/g/dgQAAOSwMtJiM61S/s-l500.jpg,3,,,,,,,,,,,,,,,,,,,,,,,,
ibanez-rgt-1220-pb-abs-antique-brown-stained-2022-model,,,,,,,,,,,,,,,,,,,,,,,,,https://i.ebayimg.com/images/g/IecAAOSwDxpiM61T/s-l500.jpg,4,,,,,,,,,,,,,,,,,,,,,,,,
ibanez-rgt-1220-pb-abs-antique-brown-stained-2022-model,,,,,,,,,,,,,,,,,,,,,,,,,https://i.ebayimg.com/images/g/KDIAAOSwUgFiM61T/s-l500.jpg,5,,,,,,,,,,,,,,,,,,,,,,,,
ibanez-rgt-1220-pb-abs-antique-brown-stained-2022-model,,,,,,,,,,,,,,,,,,,,,,,,,https://i.ebayimg.com/images/g/FwIAAOSw79xiM61U/s-l500.jpg,6,,,,,,,,,,,,,,,,,,,,,,,,
ibanez-rgt-1220-pb-abs-antique-brown-stained-2022-model,,,,,,,,,,,,,,,,,,,,,,,,,https://i.ebayimg.com/images/g/piIAAOSwq7liM61U/s-l500.jpg,7,,,,,,,,,,,,,,,,,,,,,,,,
ibanez-rgt-1220-pb-abs-antique-brown-stained-2022-model,,,,,,,,,,,,,,,,,,,,,,,,,https://i.ebayimg.com/images/g/aaIAAOSwZ6diM61V/s-l500.jpg,8,,,,,,,,,,,,,,,,,,,,,,,,
ibanez-rgt-1220-pb-abs-antique-brown-stained-2022-model,,,,,,,,,,,,,,,,,,,,,,,,,https://i.ebayimg.com/images/g/2moAAOSwF7JiM61W/s-l500.jpg,9,,,,,,,,,,,,,,,,,,,,,,,,
ibanez-rgt-1220-pb-abs-antique-brown-stained-2022-model,,,,,,,,,,,,,,,,,,,,,,,,,https://i.ebayimg.com/images/g/rC0AAOSwleNiM61W/s-l500.jpg,10,,,,,,,,,,,,,,,,,,,,,,,,
suzuki-hb-160-tone-chime-16-sounds-set-for-playing-sounds-53kg-with-case,SUZUKI HB-160 Tone Chime 16 sounds Set for playing sounds 5.3kg with Case,SUZUKI HB-160 Tone Chime 16 sounds Set for playing sounds 5.3kg with Case description,,,,,TRUE,Title,Default Title,,,,,,0,shopify,1,deny,manual,541.94,541.94,TRUE,TRUE,,https://i.ebayimg.com/images/g/JGYAAOSw5ghjRTiR/s-l500.jpg,1,,FALSE,,,,,,,,,,,,,,,,,kg,,,,,active
fender-made-in-hybrid-ii-jazz-bass-v-modena-red,Fender Made in Hybrid II Jazz Bass V Modena Red,Fender Made in Hybrid II Jazz Bass V Modena Red description,,,,,TRUE,Title,Default Title,,,,,,0,shopify,1,deny,manual,838.48,838.48,TRUE,TRUE,,https://i.ebayimg.com/images/g/eqMAAOSwYx5jZzmy/s-l500.jpg,1,,FALSE,,,,,,,,,,,,,,,,,kg,,,,,active
fender-made-in-hybrid-ii-jazz-bass-v-modena-red,,,,,,,,,,,,,,,,,,,,,,,,,https://i.ebayimg.com/images/g/t~wAAOSwIQRjZzmx/s-l500.jpg,2,,,,,,,,,,,,,,,,,,,,,,,,
fender-made-in-hybrid-ii-jazz-bass-v-modena-red,,,,,,,,,,,,,,,,,,,,,,,,,https://i.ebayimg.com/images/g/fj8AAOSwh6tjZzmz/s-l500.jpg,3,,,,,,,,,,,,,,,,,,,,,,,,
fender-made-in-hybrid-ii-jazz-bass-v-modena-red,,,,,,,,,,,,,,,,,,,,,,,,,https://i.ebayimg.com/images/g/tqUAAOSwucljZzmy/s-l500.jpg,4,,,,,,,,,,,,,,,,,,,,,,,,
fender-made-in-hybrid-ii-jazz-bass-v-modena-red,,,,,,,,,,,,,,,,,,,,,,,,,https://i.ebayimg.com/images/g/g4gAAOSw19xjZzmy/s-l500.jpg,5,,,,,,,,,,,,,,,,,,,,,,,,
fender-made-in-hybrid-ii-jazz-bass-v-modena-red,,,,,,,,,,,,,,,,,,,,,,,,,https://i.ebayimg.com/images/g/p1sAAOSwPfpjZzmy/s-l500.jpg,6,,,,,,,,,,,,,,,,,,,,,,,,
sadowsky-metro-express-me21-vj5-morado-fingerboard-solid-black-,Sadowsky Metro Express ME21 VJ5 Morado Fingerboard Solid Black ,Sadowsky Metro Express ME21 VJ5 Morado Fingerboard Solid Black  description,,,,,TRUE,Title,Default Title,,,,,,0,shopify,1,deny,manual,1033.58,1033.58,TRUE,TRUE,,https://i.ebayimg.com/images/g/0nAAAOSwljBi3jF7/s-l500.jpg,1,,FALSE,,,,,,,,,,,,,,,,,kg,,,,,active
sadowsky-metro-express-me21-vj5-morado-fingerboard-solid-black-,,,,,,,,,,,,,,,,,,,,,,,,,https://i.ebayimg.com/images/g/1FYAAOSw5Uxi3jF7/s-l500.jpg,2,,,,,,,,,,,,,,,,,,,,,,,,
sadowsky-metro-express-me21-vj5-morado-fingerboard-solid-black-,,,,,,,,,,,,,,,,,,,,,,,,,https://i.ebayimg.com/images/g/-4EAAOSwLv9i3jF7/s-l500.jpg,3,,,,,,,,,,,,,,,,,,,,,,,,
sadowsky-metro-express-me21-vj5-morado-fingerboard-solid-black-,,,,,,,,,,,,,,,,,,,,,,,,,https://i.ebayimg.com/images/g/28YAAOSwerFi3jF7/s-l500.jpg,4,,,,,,,,,,,,,,,,,,,,,,,,
sadowsky-metro-express-me21-vj5-morado-fingerboard-solid-black-,,,,,,,,,,,,,,,,,,,,,,,,,https://i.ebayimg.com/images/g/~SwAAOSwiQxi3jF7/s-l500.jpg,5,,,,,,,,,,,,,,,,,,,,,,,,
sadowsky-metro-express-me21-vj5-morado-fingerboard-solid-black-,,,,,,,,,,,,,,,,,,,,,,,,,https://i.ebayimg.com/images/g/xi0AAOSwUb9i3jF7/s-l500.jpg,6,,,,,,,,,,,,,,,,,,,,,,,,
sadowsky-metro-express-me21-vj5-morado-fingerboard-solid-black-,,,,,,,,,,,,,,,,,,,,,,,,,https://i.ebayimg.com/images/g/pLsAAOSwUrhi3jF9/s-l500.jpg,7,,,,,,,,,,,,,,,,,,,,,,,,
sadowsky-metro-express-me21-vj5-morado-fingerboard-solid-black-,,,,,,,,,,,,,,,,,,,,,,,,,https://i.ebayimg.com/images/g/7JwAAOSwRJli3jF9/s-l500.jpg,8,,,,,,,,,,,,,,,,,,,,,,,,
sadowsky-metro-express-me21-vj5-morado-fingerboard-solid-black-,,,,,,,,,,,,,,,,,,,,,,,,,https://i.ebayimg.com/images/g/tTcAAOSw4cdi3jF9/s-l500.jpg,9,,,,,,,,,,,,,,,,,,,,,,,,
sadowsky-metro-express-me21-vj5-morado-fingerboard-solid-black-,,,,,,,,,,,,,,,,,,,,,,,,,https://i.ebayimg.com/images/g/r8MAAOSwAaJi3jF9/s-l500.jpg,10,,,,,,,,,,,,,,,,,,,,,,,,
fender-limited-traditional-60s-telecaster-bigsby-lake-placid-blue,Fender Limited Traditional 60s Telecaster Bigsby Lake Placid Blue,Fender Limited Traditional 60s Telecaster Bigsby Lake Placid Blue description,,,,,TRUE,Title,Default Title,,,,,,0,shopify,1,deny,manual,899.95,899.95,TRUE,TRUE,,https://i.ebayimg.com/images/g/m4wAAOSwfztij40P/s-l500.jpg,1,,FALSE,,,,,,,,,,,,,,,,,kg,,,,,active
fender-limited-traditional-60s-telecaster-bigsby-lake-placid-blue,,,,,,,,,,,,,,,,,,,,,,,,,https://i.ebayimg.com/images/g/a0IAAOSwBP1ij40Q/s-l500.jpg,2,,,,,,,,,,,,,,,,,,,,,,,,
fender-limited-traditional-60s-telecaster-bigsby-lake-placid-blue,,,,,,,,,,,,,,,,,,,,,,,,,https://i.ebayimg.com/images/g/pTEAAOSwsOJij40S/s-l500.jpg,3,,,,,,,,,,,,,,,,,,,,,,,,
fender-limited-traditional-60s-telecaster-bigsby-lake-placid-blue,,,,,,,,,,,,,,,,,,,,,,,,,https://i.ebayimg.com/images/g/t54AAOSwCXpij40T/s-l500.jpg,4,,,,,,,,,,,,,,,,,,,,,,,,
fender-limited-traditional-60s-telecaster-bigsby-lake-placid-blue,,,,,,,,,,,,,,,,,,,,,,,,,https://i.ebayimg.com/images/g/Up0AAOSwpy5ij40V/s-l500.jpg,5,,,,,,,,,,,,,,,,,,,,,,,,
fender-limited-traditional-60s-telecaster-bigsby-lake-placid-blue,,,,,,,,,,,,,,,,,,,,,,,,,https://i.ebayimg.com/images/g/H6cAAOSwrn5ij40X/s-l500.jpg,6,,,,,,,,,,,,,,,,,,,,,,,,
fender-limited-traditional-60s-telecaster-bigsby-lake-placid-blue,,,,,,,,,,,,,,,,,,,,,,,,,https://i.ebayimg.com/images/g/UFAAAOSwOptij40Z/s-l500.jpg,7,,,,,,,,,,,,,,,,,,,,,,,,
fender-limited-traditional-60s-telecaster-bigsby-lake-placid-blue,,,,,,,,,,,,,,,,,,,,,,,,,https://i.ebayimg.com/images/g/zBwAAOSw3~pij40d/s-l500.jpg,8,,,,,,,,,,,,,,,,,,,,,,,,
fender-limited-traditional-60s-telecaster-bigsby-lake-placid-blue,,,,,,,,,,,,,,,,,,,,,,,,,https://i.ebayimg.com/images/g/feEAAOSwruBij40g/s-l500.jpg,9,,,,,,,,,,,,,,,,,,,,,,,,
edwards-nt7-e-hr-iii-qm-m-see-thru-black-sunburst-7strings-with-gig-bag,Edwards NT7 E-HR-III QM M See Thru Black Sunburst 7strings with gig bag,Edwards NT7 E-HR-III QM M See Thru Black Sunburst 7strings with gig bag description,,,,,TRUE,Title,Default Title,,,,,,0,shopify,1,deny,manual,1375.95,1375.95,TRUE,TRUE,,https://i.ebayimg.com/images/g/DKwAAOSwo2dif4HJ/s-l500.jpg,1,,FALSE,,,,,,,,,,,,,,,,,kg,,,,,active
edwards-nt7-e-hr-iii-qm-m-see-thru-black-sunburst-7strings-with-gig-bag,,,,,,,,,,,,,,,,,,,,,,,,,https://i.ebayimg.com/images/g/0aoAAOSwdLpif4HK/s-l500.jpg,2,,,,,,,,,,,,,,,,,,,,,,,,
edwards-nt7-e-hr-iii-qm-m-see-thru-black-sunburst-7strings-with-gig-bag,,,,,,,,,,,,,,,,,,,,,,,,,https://i.ebayimg.com/images/g/Xz8AAOSw~bRif4HL/s-l500.jpg,3,,,,,,,,,,,,,,,,,,,,,,,,
edwards-nt7-e-hr-iii-qm-m-see-thru-black-sunburst-7strings-with-gig-bag,,,,,,,,,,,,,,,,,,,,,,,,,https://i.ebayimg.com/images/g/RKoAAOSwOGZif4HM/s-l500.jpg,4,,,,,,,,,,,,,,,,,,,,,,,,
edwards-nt7-e-hr-iii-qm-m-see-thru-black-sunburst-7strings-with-gig-bag,,,,,,,,,,,,,,,,,,,,,,,,,https://i.ebayimg.com/images/g/DHQAAOSwkmBif4HO/s-l500.jpg,5,,,,,,,,,,,,,,,,,,,,,,,,
edwards-nt7-e-hr-iii-qm-m-see-thru-black-sunburst-7strings-with-gig-bag,,,,,,,,,,,,,,,,,,,,,,,,,https://i.ebayimg.com/images/g/DBEAAOSwpk5if4HP/s-l500.jpg,6,,,,,,,,,,,,,,,,,,,,,,,,
edwards-nt7-e-hr-iii-qm-m-see-thru-black-sunburst-7strings-with-gig-bag,,,,,,,,,,,,,,,,,,,,,,,,,https://i.ebayimg.com/images/g/ahcAAOSwANhif4HQ/s-l500.jpg,7,,,,,,,,,,,,,,,,,,,,,,,,
free-the-tone-red-jasper-rj-2v-2022-model,Free The Tone RED JASPER RJ-2V 2022 model,Free The Tone RED JASPER RJ-2V 2022 model description,,,,,TRUE,Title,Default Title,,,,,,0,shopify,1,deny,manual,307.2,307.2,TRUE,TRUE,,https://i.ebayimg.com/images/g/bSQAAOSwVoBiek6X/s-l500.jpg,1,,FALSE,,,,,,,,,,,,,,,,,kg,,,,,active
free-the-tone-red-jasper-rj-2v-2022-model,,,,,,,,,,,,,,,,,,,,,,,,,https://i.ebayimg.com/images/g/3oUAAOSwqMtiek6Y/s-l500.jpg,2,,,,,,,,,,,,,,,,,,,,,,,,
free-the-tone-red-jasper-rj-2v-2022-model,,,,,,,,,,,,,,,,,,,,,,,,,https://i.ebayimg.com/images/g/LU4AAOSwzpxiek6Z/s-l500.jpg,3,,,,,,,,,,,,,,,,,,,,,,,,
oyaide-tunami-gpx-v2-power-cable,OYAIDE TUNAMI GPX V2 power cable,OYAIDE TUNAMI GPX V2 power cable description,,,,,TRUE,Title,Default Title,,,,,,0,shopify,1,deny,manual,199.24,199.24,TRUE,TRUE,,https://i.ebayimg.com/images/g/HosAAOSwHbZjcyCS/s-l500.jpg,1,,FALSE,,,,,,,,,,,,,,,,,kg,,,,,active
tc-electronic-nd-1-nova-delay-guitar-effect-pedal-used-main-unit-only,tc electronic ND-1 NOVA DELAY Guitar Effect Pedal Used Main Unit Only,tc electronic ND-1 NOVA DELAY Guitar Effect Pedal Used Main Unit Only description,,,,,TRUE,Title,Default Title,,,,,,0,shopify,1,deny,manual,134.9,134.9,TRUE,TRUE,,https://i.ebayimg.com/images/g/V8MAAOSws0djWwJF/s-l500.jpg,1,,FALSE,,,,,,,,,,,,,,,,,kg,,,,,active
tc-electronic-nd-1-nova-delay-guitar-effect-pedal-used-main-unit-only,,,,,,,,,,,,,,,,,,,,,,,,,https://i.ebayimg.com/images/g/pJEAAOSwARljWwJF/s-l500.jpg,2,,,,,,,,,,,,,,,,,,,,,,,,
tc-electronic-nd-1-nova-delay-guitar-effect-pedal-used-main-unit-only,,,,,,,,,,,,,,,,,,,,,,,,,https://i.ebayimg.com/images/g/eVwAAOSwgb9jWwJF/s-l500.jpg,3,,,,,,,,,,,,,,,,,,,,,,,,
tc-electronic-nd-1-nova-delay-guitar-effect-pedal-used-main-unit-only,,,,,,,,,,,,,,,,,,,,,,,,,https://i.ebayimg.com/images/g/ix4AAOSwuHdjWwJF/s-l500.jpg,4,,,,,,,,,,,,,,,,,,,,,,,,
tc-electronic-nd-1-nova-delay-guitar-effect-pedal-used-main-unit-only,,,,,,,,,,,,,,,,,,,,,,,,,https://i.ebayimg.com/images/g/7KoAAOSwGtJjWwJE/s-l500.jpg,5,,,,,,,,,,,,,,,,,,,,,,,,
tc-electronic-nd-1-nova-delay-guitar-effect-pedal-used-main-unit-only,,,,,,,,,,,,,,,,,,,,,,,,,https://i.ebayimg.com/images/g/KJQAAOSwbrVjWwJF/s-l500.jpg,6,,,,,,,,,,,,,,,,,,,,,,,,
rickenbacker-model-360-jetglo-electric-guitar,Rickenbacker Model 360 Jetglo Electric Guitar,Rickenbacker Model 360 Jetglo Electric Guitar description,,,,,TRUE,Title,Default Title,,,,,,0,shopify,1,deny,manual,3258.71,3258.71,TRUE,TRUE,,https://i.ebayimg.com/images/g/d5oAAOSwa5hhNHyq/s-l500.jpg,1,,FALSE,,,,,,,,,,,,,,,,,kg,,,,,active
rickenbacker-model-360-jetglo-electric-guitar,,,,,,,,,,,,,,,,,,,,,,,,,https://i.ebayimg.com/images/g/Jj4AAOSwcn9hNHyp/s-l500.jpg,2,,,,,,,,,,,,,,,,,,,,,,,,
rickenbacker-model-360-jetglo-electric-guitar,,,,,,,,,,,,,,,,,,,,,,,,,https://i.ebayimg.com/images/g/vtIAAOSw~BVhNHyq/s-l500.jpg,3,,,,,,,,,,,,,,,,,,,,,,,,
rickenbacker-model-360-jetglo-electric-guitar,,,,,,,,,,,,,,,,,,,,,,,,,https://i.ebayimg.com/images/g/AqYAAOSwrcNhNHyq/s-l500.jpg,4,,,,,,,,,,,,,,,,,,,,,,,,
rickenbacker-model-360-jetglo-electric-guitar,,,,,,,,,,,,,,,,,,,,,,,,,https://i.ebayimg.com/images/g/AqgAAOSwrcNhNHyq/s-l500.jpg,5,,,,,,,,,,,,,,,,,,,,,,,,
rickenbacker-model-360-jetglo-electric-guitar,,,,,,,,,,,,,,,,,,,,,,,,,https://i.ebayimg.com/images/g/gfsAAOSwdAdhNHyp/s-l500.jpg,6,,,,,,,,,,,,,,,,,,,,,,,,
rickenbacker-model-360-jetglo-electric-guitar,,,,,,,,,,,,,,,,,,,,,,,,,https://i.ebayimg.com/images/g/oN8AAOSw62JhNHyq/s-l500.jpg,7,,,,,,,,,,,,,,,,,,,,,,,,
rickenbacker-model-360-jetglo-electric-guitar,,,,,,,,,,,,,,,,,,,,,,,,,https://i.ebayimg.com/images/g/1V0AAOSwAxBhNHyq/s-l500.jpg,8,,,,,,,,,,,,,,,,,,,,,,,,
rickenbacker-model-360-jetglo-electric-guitar,,,,,,,,,,,,,,,,,,,,,,,,,https://i.ebayimg.com/images/g/EtwAAOSwR0lhNHyq/s-l500.jpg,9,,,,,,,,,,,,,,,,,,,,,,,,
rickenbacker-model-360-jetglo-electric-guitar,,,,,,,,,,,,,,,,,,,,,,,,,https://i.ebayimg.com/images/g/~x0AAOSwqK9hNHyq/s-l500.jpg,10,,,,,,,,,,,,,,,,,,,,,,,,
tunami-oyaide-gpx-v2-power-cable-18m59ft,TUNAMI OYAIDE GPX V2 power cable 1.8m/5.9ft,TUNAMI OYAIDE GPX V2 power cable 1.8m/5.9ft description,,,,,TRUE,Title,Default Title,,,,,,0,shopify,1,deny,manual,226.9,226.9,TRUE,TRUE,,https://i.ebayimg.com/images/g/4i0AAOSwMBZjTlN-/s-l500.jpg,1,,FALSE,,,,,,,,,,,,,,,,,kg,,,,,active
fender-junior-collection-telecaster-butterscotch-blonde-guitar-made-in-japan,Fender Junior Collection Telecaster Butterscotch Blonde Guitar Made in Japan,Fender Junior Collection Telecaster Butterscotch Blonde Guitar Made in Japan description,,,,,TRUE,Title,Default Title,,,,,,0,shopify,1,deny,manual,785.2,785.2,TRUE,TRUE,,https://i.ebayimg.com/images/g/s~kAAOSwDXliUquP/s-l500.jpg,1,,FALSE,,,,,,,,,,,,,,,,,kg,,,,,active
fender-junior-collection-telecaster-butterscotch-blonde-guitar-made-in-japan,,,,,,,,,,,,,,,,,,,,,,,,,https://i.ebayimg.com/images/g/xBoAAOSw8c5iUquK/s-l500.jpg,2,,,,,,,,,,,,,,,,,,,,,,,,
fender-junior-collection-telecaster-butterscotch-blonde-guitar-made-in-japan,,,,,,,,,,,,,,,,,,,,,,,,,https://i.ebayimg.com/images/g/lcIAAOSw~eViUquL/s-l500.jpg,3,,,,,,,,,,,,,,,,,,,,,,,,
fender-junior-collection-telecaster-butterscotch-blonde-guitar-made-in-japan,,,,,,,,,,,,,,,,,,,,,,,,,https://i.ebayimg.com/images/g/kM0AAOSw8J5iUquJ/s-l500.jpg,4,,,,,,,,,,,,,,,,,,,,,,,,
fender-junior-collection-telecaster-butterscotch-blonde-guitar-made-in-japan,,,,,,,,,,,,,,,,,,,,,,,,,https://i.ebayimg.com/images/g/vEgAAOSwB75iUquM/s-l500.jpg,5,,,,,,,,,,,,,,,,,,,,,,,,
fender-junior-collection-telecaster-butterscotch-blonde-guitar-made-in-japan,,,,,,,,,,,,,,,,,,,,,,,,,https://i.ebayimg.com/images/g/THMAAOSwLCliUquM/s-l500.jpg,6,,,,,,,,,,,,,,,,,,,,,,,,
fender-junior-collection-telecaster-butterscotch-blonde-guitar-made-in-japan,,,,,,,,,,,,,,,,,,,,,,,,,https://i.ebayimg.com/images/g/i64AAOSwqEpiUquN/s-l500.jpg,7,,,,,,,,,,,,,,,,,,,,,,,,
fender-junior-collection-telecaster-butterscotch-blonde-guitar-made-in-japan,,,,,,,,,,,,,,,,,,,,,,,,,https://i.ebayimg.com/images/g/ZxMAAOSwUtJiUquO/s-l500.jpg,8,,,,,,,,,,,,,,,,,,,,,,,,
furutechboosterbrace-plug-holder-ncf-booster-brace,FURUTECHBOOSTERBRACE Plug holder NCF BOOSTER-BRACE,FURUTECHBOOSTERBRACE Plug holder NCF BOOSTER-BRACE description,,,,,TRUE,Title,Default Title,,,,,,0,shopify,1,deny,manual,158.42,158.42,TRUE,TRUE,,https://i.ebayimg.com/images/g/6zcAAOSw2Fxir-BR/s-l500.jpg,1,,FALSE,,,,,,,,,,,,,,,,,kg,,,,,active
yamaha-revstar-element-series-rse20-rcp-red-copper-w-gig-bag,YAMAHA REVSTAR ELEMENT Series RSE20 RCP Red Copper w/ Gig bag,YAMAHA REVSTAR ELEMENT Series RSE20 RCP Red Copper w/ Gig bag description,,,,,TRUE,Title,Default Title,,,,,,0,shopify,1,deny,manual,576.17,576.17,TRUE,TRUE,,https://i.ebayimg.com/images/g/-KMAAOSwAuVjDsq6/s-l500.jpg,1,,FALSE,,,,,,,,,,,,,,,,,kg,,,,,active
yamaha-revstar-element-series-rse20-rcp-red-copper-w-gig-bag,,,,,,,,,,,,,,,,,,,,,,,,,https://i.ebayimg.com/images/g/HeUAAOSwSl9jDsq6/s-l500.jpg,2,,,,,,,,,,,,,,,,,,,,,,,,
yamaha-revstar-element-series-rse20-rcp-red-copper-w-gig-bag,,,,,,,,,,,,,,,,,,,,,,,,,https://i.ebayimg.com/images/g/1z8AAOSwmTVjDsq6/s-l500.jpg,3,,,,,,,,,,,,,,,,,,,,,,,,
yamaha-revstar-element-series-rse20-rcp-red-copper-w-gig-bag,,,,,,,,,,,,,,,,,,,,,,,,,https://i.ebayimg.com/images/g/gx8AAOSwMDZjDsq7/s-l500.jpg,4,,,,,,,,,,,,,,,,,,,,,,,,
yamaha-revstar-element-series-rse20-rcp-red-copper-w-gig-bag,,,,,,,,,,,,,,,,,,,,,,,,,https://i.ebayimg.com/images/g/xzwAAOSwJzxjDsq6/s-l500.jpg,5,,,,,,,,,,,,,,,,,,,,,,,,
yamaha-revstar-element-series-rse20-rcp-red-copper-w-gig-bag,,,,,,,,,,,,,,,,,,,,,,,,,https://i.ebayimg.com/images/g/HvoAAOSwrdtjDsq6/s-l500.jpg,6,,,,,,,,,,,,,,,,,,,,,,,,
strandberg-boden-standard-blue-8-flame,Strandberg Boden Standard Blue 8 Flame,Strandberg Boden Standard Blue 8 Flame description,,,,,TRUE,Title,Default Title,,,,,,0,shopify,1,deny,manual,2478.36,2478.36,TRUE,TRUE,,https://i.ebayimg.com/images/g/KGUAAOSwxzFitVgh/s-l500.jpg,1,,FALSE,,,,,,,,,,,,,,,,,kg,,,,,active
strandberg-boden-standard-blue-8-flame,,,,,,,,,,,,,,,,,,,,,,,,,https://i.ebayimg.com/images/g/9WIAAOSwvBNitVgi/s-l500.jpg,2,,,,,,,,,,,,,,,,,,,,,,,,
strandberg-boden-standard-blue-8-flame,,,,,,,,,,,,,,,,,,,,,,,,,https://i.ebayimg.com/images/g/WCUAAOSwgw5itVgk/s-l500.jpg,3,,,,,,,,,,,,,,,,,,,,,,,,
strandberg-boden-standard-blue-8-flame,,,,,,,,,,,,,,,,,,,,,,,,,https://i.ebayimg.com/images/g/VgoAAOSwngZitVgl/s-l500.jpg,4,,,,,,,,,,,,,,,,,,,,,,,,
strandberg-boden-standard-blue-8-flame,,,,,,,,,,,,,,,,,,,,,,,,,https://i.ebayimg.com/images/g/eVAAAOSwGRlitVgm/s-l500.jpg,5,,,,,,,,,,,,,,,,,,,,,,,,
strandberg-boden-standard-blue-8-flame,,,,,,,,,,,,,,,,,,,,,,,,,https://i.ebayimg.com/images/g/OroAAOSwbq5itVgn/s-l500.jpg,6,,,,,,,,,,,,,,,,,,,,,,,,
strandberg-boden-standard-blue-8-flame,,,,,,,,,,,,,,,,,,,,,,,,,https://i.ebayimg.com/images/g/hO8AAOSwJ2ZitVgo/s-l500.jpg,7,,,,,,,,,,,,,,,,,,,,,,,,
strandberg-boden-standard-blue-8-flame,,,,,,,,,,,,,,,,,,,,,,,,,https://i.ebayimg.com/images/g/OV0AAOSwVeFitVgp/s-l500.jpg,8,,,,,,,,,,,,,,,,,,,,,,,,
strandberg-boden-standard-blue-8-flame,,,,,,,,,,,,,,,,,,,,,,,,,https://i.ebayimg.com/images/g/2YsAAOSwFZhitVgr/s-l500.jpg,9,,,,,,,,,,,,,,,,,,,,,,,,
